,id,open
0,ID_323Sn2,0.0
3,ID_328qCx,0.0
4,ID_3293uJ,0.0
14,ID_32QXZB,0.0
16,ID_32SBbT,0.0
17,ID_32TcJo,0.0
20,ID_32X2os,0.0
21,ID_32Xyik,0.0
22,ID_32bgoA,0.0
28,ID_32kvcY,0.0
32,ID_32nVpo,0.0
39,ID_32tXtL,0.0
40,ID_32u25Q,0.0
42,ID_32uMYp,0.0
50,ID_333CCE,0.0
54,ID_339paj,0.0
60,ID_33FF28,0.0
61,ID_33Gvss,0.0
62,ID_33LbPQ,0.0
67,ID_33Y9VK,0.0
68,ID_33b6EH,0.0
72,ID_33fpRD,0.0
80,ID_33tNvW,0.0
85,ID_33x2hK,0.0
87,ID_342RWF,0.0
93,ID_34AybD,0.0
95,ID_34DTZE,0.0
96,ID_34DhKJ,0.0
101,ID_34StgT,0.0
109,ID_34gP63,0.0
110,ID_34grNw,0.0
112,ID_34kPkr,0.0
113,ID_34sDhx,0.0
114,ID_34uee6,0.0
115,ID_34wwLJ,0.0
121,ID_354fop,0.0
123,ID_358DHW,0.0
124,ID_358atp,0.0
127,ID_35Atjo,0.0
129,ID_35EcCB,0.0
132,ID_35KouZ,0.0
134,ID_35Lr6w,0.0
138,ID_35W3pV,0.0
139,ID_35bpiU,0.0
149,ID_35r94r,0.0
150,ID_35rrTJ,0.0
155,ID_35v7vu,0.0
165,ID_369eAJ,0.0
168,ID_36Dp6c,0.0
173,ID_36KY5P,0.0
180,ID_36U4Wh,0.0
181,ID_36U7hw,0.0
182,ID_36Uj3a,0.0
193,ID_36cA3R,0.0
195,ID_36hqP3,0.0
196,ID_36hvZX,0.0
197,ID_36iA84,0.0
200,ID_36jXuQ,0.0
203,ID_36kYF8,0.0
205,ID_36mBbF,0.0
206,ID_36n9Dm,0.0
208,ID_36nWVi,0.0
212,ID_36pbUS,0.0
219,ID_36ziZF,0.0
222,ID_373EgJ,0.0
224,ID_376EQn,0.0
226,ID_37Ai8w,0.0
238,ID_37RYm2,0.0
249,ID_37f4hF,0.0
254,ID_37hGfm,0.0
255,ID_37iq2r,0.0
265,ID_383By6,0.0
266,ID_385Q3L,0.0
268,ID_38Ba5R,0.0
269,ID_38CBU4,0.0
270,ID_38Da8p,0.0
274,ID_38Fidz,0.0
276,ID_38HWzL,0.0
281,ID_38SM3H,0.0
287,ID_38dw2E,0.0
289,ID_38hGrt,0.0
298,ID_38rXYJ,0.0
299,ID_38sG2h,0.0
305,ID_38zRbi,0.0
312,ID_39DcaQ,0.0
313,ID_39JsPx,0.0
315,ID_39MVFE,0.0
318,ID_39PMnk,0.0
319,ID_39VP9X,0.0
322,ID_39YtM4,0.0
325,ID_39czvp,0.0
327,ID_39dFxE,0.0
328,ID_39eJxL,0.0
333,ID_39k8gk,0.0
337,ID_39pDKr,0.0
341,ID_39tNks,0.0
350,ID_3A4wZZ,0.0
352,ID_3A93x9,0.0
360,ID_3AKjBm,0.0
361,ID_3APXXc,0.0
367,ID_3AaW5a,0.0
371,ID_3AdKbE,0.0
373,ID_3Ahgk3,0.0
375,ID_3AjwdN,0.0
377,ID_3AkSnL,0.0
386,ID_3AxZrC,0.0
393,ID_3B4w6Z,0.0
400,ID_3BFWhi,0.0
403,ID_3BGmbt,0.0
405,ID_3BJiLd,0.0
407,ID_3BKwpq,0.0
408,ID_3BL4DR,0.0
412,ID_3BNDTY,0.0
416,ID_3BVUxo,0.0
418,ID_3BYC5u,0.0
420,ID_3BaaZ5,0.0
421,ID_3Bbq7v,0.0
424,ID_3BeSuQ,0.0
426,ID_3BffTb,0.0
429,ID_3BnfhD,0.0
430,ID_3Bp8WX,0.0
433,ID_3Bpo9m,0.0
435,ID_3Bskun,0.0
437,ID_3BziLD,0.0
439,ID_3C2TV2,0.0
440,ID_3C4w9j,0.0
447,ID_3CKdQ6,0.0
448,ID_3CKvXo,0.0
453,ID_3CTJAh,0.0
460,ID_3Cc5Hz,0.0
462,ID_3CcZgw,0.0
466,ID_3Cetb9,0.0
469,ID_3CoeWu,0.0
474,ID_3CvZNz,0.0
484,ID_3DCiWT,0.0
486,ID_3DEdzq,0.0
487,ID_3DEegi,0.0
490,ID_3DJE3H,0.0
491,ID_3DJYd8,0.0
492,ID_3DQj7U,0.0
493,ID_3DRSq8,0.0
494,ID_3DSFX9,0.0
500,ID_3DfxRA,0.0
503,ID_3DiUTs,0.0
504,ID_3DiYmo,0.0
505,ID_3DiuQk,0.0
511,ID_3DpDTC,0.0
515,ID_3E6aRh,0.0
516,ID_3E7VKE,0.0
521,ID_3EKV8u,0.0
522,ID_3EKoPY,0.0
524,ID_3EP3LV,0.0
526,ID_3EQhxL,0.0
530,ID_3EVcNn,0.0
534,ID_3EZgC2,0.0
535,ID_3EaaHu,0.0
536,ID_3EdCXJ,0.0
538,ID_3Ee4Ef,0.0
540,ID_3EhoMk,0.0
546,ID_3EtTat,0.0
550,ID_3F5nrF,0.0
551,ID_3F6cJC,0.0
552,ID_3F7mZk,0.0
557,ID_3FEBC8,0.0
561,ID_3FMMPN,0.0
562,ID_3FNsmk,0.0
563,ID_3FQHNC,0.0
565,ID_3FUGh5,0.0
566,ID_3FUg8s,0.0
567,ID_3FZDpP,0.0
568,ID_3FZRGe,0.0
571,ID_3FjToQ,0.0
572,ID_3Fk67r,0.0
578,ID_3FpByU,0.0
580,ID_3Fw4eN,0.0
582,ID_3G3kuR,0.0
586,ID_3G7VLv,0.0
587,ID_3G8m7d,0.0
590,ID_3GFfrT,0.0
591,ID_3GJZu7,0.0
597,ID_3GNMm4,0.0
600,ID_3GPopv,0.0
601,ID_3GQ9Xa,0.0
604,ID_3GUqaW,0.0
607,ID_3GZeTb,0.0
610,ID_3GbzGX,0.0
611,ID_3GcWRY,0.0
613,ID_3GgzHW,0.0
621,ID_3Gw5wU,0.0
627,ID_3H5e85,0.0
628,ID_3H7VPg,0.0
638,ID_3HP7vA,0.0
644,ID_3HYUCh,0.0
646,ID_3HYuMz,0.0
647,ID_3HcjWq,0.0
652,ID_3HgSCm,0.0
655,ID_3HsFJK,0.0
657,ID_3HtAEn,0.0
658,ID_3HtiNT,0.0
665,ID_3Hwd7p,0.0
666,ID_3HwjmF,0.0
674,ID_3J7DCN,0.0
681,ID_3JEHgo,0.0
684,ID_3JFZEt,0.0
695,ID_3JUjci,0.0
699,ID_3Jax7E,0.0
700,ID_3Jb45k,0.0
708,ID_3Jq4aH,0.0
722,ID_3KJzhP,0.0
723,ID_3KKyEM,0.0
724,ID_3KLT2u,0.0
730,ID_3KU65g,0.0
734,ID_3KXNNo,0.0
735,ID_3KYgSj,0.0
739,ID_3KiXGk,0.0
740,ID_3KkcgG,0.0
741,ID_3KmbDs,0.0
746,ID_3KtYH6,0.0
749,ID_3KxCWB,0.0
755,ID_3L5wbP,0.0
756,ID_3L6aNo,0.0
761,ID_3LBip5,0.0
762,ID_3LDpp8,0.0
765,ID_3LGKbk,0.0
767,ID_3LK9wH,0.0
768,ID_3LKARA,0.0
770,ID_3LLFSC,0.0
772,ID_3LSsLu,0.0
773,ID_3LTdAx,0.0
775,ID_3LUWaN,0.0
777,ID_3LWU9e,0.0
778,ID_3LXeSb,0.0
780,ID_3Lbk2s,0.0
781,ID_3Lbzte,0.0
784,ID_3LjUoq,0.0
785,ID_3LkDLJ,0.0
788,ID_3Lo8Kj,0.0
789,ID_3LpEJ6,0.0
791,ID_3LptkX,0.0
795,ID_3Lv7rw,0.0
796,ID_3LzKJW,0.0
797,ID_3Lzg6L,0.0
802,ID_3M9Z9z,0.0
806,ID_3MDsA5,0.0
808,ID_3MGEbo,0.0
811,ID_3MPYQX,0.0
813,ID_3MT7Nq,0.0
814,ID_3MTykN,0.0
816,ID_3MWKCV,0.0
817,ID_3MWZYR,0.0
819,ID_3MYRay,0.0
826,ID_3MfV3X,0.0
831,ID_3Mjzhy,0.0
842,ID_3MwyM4,0.0
844,ID_3MyAGr,0.0
846,ID_3N2Qtn,0.0
847,ID_3N3nTc,0.0
848,ID_3N4L2w,0.0
853,ID_3N9d6a,0.0
857,ID_3NG85L,0.0
860,ID_3NKggK,0.0
862,ID_3NMZxZ,0.0
866,ID_3NSD4Y,0.0
868,ID_3NW4X9,0.0
869,ID_3NWBqP,0.0
874,ID_3NcwTz,0.0
880,ID_3NmtiJ,0.0
882,ID_3NnfRT,0.0
883,ID_3NoTyX,0.0
886,ID_3NrGQT,0.0
893,ID_3P2qjL,0.0
894,ID_3P3wZT,0.0
896,ID_3P4hyL,0.0
897,ID_3P5Bfb,0.0
900,ID_3P9SZv,0.0
901,ID_3PANMD,0.0
902,ID_3PBfXq,0.0
914,ID_3PL7bV,0.0
917,ID_3PMXKr,0.0
920,ID_3PPEuY,0.0
922,ID_3PT3fE,0.0
926,ID_3PZd4m,0.0
927,ID_3PZnvg,0.0
928,ID_3Pa6Zi,0.0
932,ID_3Pj9CC,0.0
934,ID_3PkDBb,0.0
935,ID_3Pkv2A,0.0
936,ID_3PpZgy,0.0
938,ID_3PpyuH,0.0
939,ID_3PqAgP,0.0
943,ID_3PuEAn,0.0
945,ID_3Pyb9P,0.0
950,ID_3Q3T46,0.0
951,ID_3Q556Q,0.0
952,ID_3Q72aF,0.0
963,ID_3QQK5Z,0.0
968,ID_3QYN6a,0.0
969,ID_3QZoQW,0.0
971,ID_3Qawbk,0.0
972,ID_3QcyyR,0.0
976,ID_3QhRdV,0.0
980,ID_3QsRMn,0.0
983,ID_3QuHWV,0.0
985,ID_3QvnsD,0.0
986,ID_3QvyVq,0.0
988,ID_3QzuXk,0.0
989,ID_3R2a4N,0.0
990,ID_3R2w7d,0.0
993,ID_3R9QZB,0.0
994,ID_3RBD9S,0.0
996,ID_3RBiam,0.0
997,ID_3REy65,0.0
1000,ID_3RJCSr,0.0
1006,ID_3RPTod,0.0
1007,ID_3RQQ5d,0.0
1009,ID_3RSJpT,0.0
1015,ID_3RaWMs,0.0
1020,ID_3RqQVm,0.0
1022,ID_3Rre8F,0.0
1023,ID_3Rrqaa,0.0
1025,ID_3Rseht,0.0
1028,ID_3Rtvk7,0.0
1031,ID_3RwzHC,0.0
1038,ID_3S94Sd,0.0
1039,ID_3SA8gF,0.0
1040,ID_3SATKN,0.0
1041,ID_3SAvAx,0.0
1045,ID_3SHMaE,0.0
1048,ID_3SK7RT,0.0
1049,ID_3SKF7v,0.0
1051,ID_3SLU2x,0.0
1056,ID_3SRveh,0.0
1062,ID_3SYwEj,0.0
1066,ID_3Sbgak,0.0
1067,ID_3ScGS5,0.0
1070,ID_3Se3WU,0.0
1075,ID_3Smna8,0.0
1082,ID_3SsbQs,0.0
1083,ID_3Sswgo,0.0
1090,ID_3T2vTG,0.0
1091,ID_3T2wg2,0.0
1093,ID_3T5TAt,0.0
1095,ID_3T6P7u,0.0
1096,ID_3T76Cu,0.0
1102,ID_3TGkif,0.0
1104,ID_3TJRLf,0.0
1111,ID_3TVkKk,0.0
1120,ID_3Th7tK,0.0
1124,ID_3Tk88i,0.0
1127,ID_3TsqP8,0.0
1129,ID_3TwZ2L,0.0
1135,ID_3UAPvh,0.0
1139,ID_3UGhe2,0.0
1149,ID_3UZyEJ,0.0
1152,ID_3UcNwU,0.0
1156,ID_3UgoQt,0.0
1157,ID_3UiAwG,0.0
1158,ID_3UiaAr,0.0
1161,ID_3UpPgi,0.0
1162,ID_3Urp4E,0.0
1164,ID_3UseYK,0.0
1166,ID_3UvaBg,0.0
1167,ID_3Uxip8,0.0
1168,ID_3V4wFs,0.0
1172,ID_3V9dfV,0.0
1177,ID_3VDsbd,0.0
1180,ID_3VP96X,0.0
1182,ID_3VWkcm,0.0
1183,ID_3VZapf,0.0
1186,ID_3Vc2rN,0.0
1204,ID_3VxsJU,0.0
1206,ID_3VzoHX,0.0
1207,ID_3W2PWN,0.0
1211,ID_3W4kwu,0.0
1212,ID_3W79bd,0.0
1214,ID_3W9LXe,0.0
1215,ID_3W9Vzb,0.0
1217,ID_3WAgnE,0.0
1221,ID_3WGfAy,0.0
1227,ID_3WRLHD,0.0
1229,ID_3WTgTs,0.0
1230,ID_3WTrK4,0.0
1237,ID_3WXB6N,0.0
1249,ID_3Wt7Pv,0.0
1255,ID_3X22mu,0.0
1256,ID_3X3fqK,0.0
1262,ID_3X7CMM,0.0
1270,ID_3XLQ9X,0.0
1281,ID_3XVanQ,0.0
1282,ID_3XaHWi,0.0
1283,ID_3XaX3M,0.0
1284,ID_3XbZJn,0.0
1286,ID_3XeRgA,0.0
1289,ID_3XhZAs,0.0
1292,ID_3XkYRm,0.0
1293,ID_3XmTYu,0.0
1296,ID_3XntBf,0.0
1303,ID_3Y3nYD,0.0
1305,ID_3Y4CvJ,0.0
1306,ID_3Y4g7s,0.0
1307,ID_3Y5fDw,0.0
1309,ID_3Y6iFd,0.0
1310,ID_3YF79i,0.0
1312,ID_3YHFhx,0.0
1313,ID_3YHGxu,0.0
1316,ID_3YNakf,0.0
1318,ID_3YQH8b,0.0
1319,ID_3YS8y7,0.0
1322,ID_3YVDqv,0.0
1323,ID_3YVogD,0.0
1324,ID_3YWSeq,0.0
1325,ID_3YWiQd,0.0
1328,ID_3YbKQY,0.0
1331,ID_3YdGw4,0.0
1335,ID_3YeqFK,0.0
1336,ID_3Yfgov,0.0
1337,ID_3YgGt5,0.0
1339,ID_3Yk3oY,0.0
1348,ID_3Yz6Qu,0.0
1350,ID_3Z3ggK,0.0
1351,ID_3Z6nWQ,0.0
1360,ID_3ZKhQm,0.0
1361,ID_3ZLzUD,0.0
1367,ID_3ZSCTd,0.0
1370,ID_3ZUx5N,0.0
1374,ID_3ZZzb4,0.0
1375,ID_3Zb3m5,0.0
1376,ID_3Zb6ox,0.0
1377,ID_3ZbqUX,0.0
1378,ID_3ZdRCM,0.0
1381,ID_3Zjcv3,0.0
1385,ID_3ZsvNL,0.0
1387,ID_3Zuvjb,0.0
1388,ID_3ZvLoU,0.0
1400,ID_3aKpZN,0.0
1404,ID_3aRPYp,0.0
1406,ID_3aUEs8,0.0
1408,ID_3aVFYJ,0.0
1421,ID_3anxSr,0.0
1423,ID_3apciq,0.0
1425,ID_3auqNC,0.0
1428,ID_3avVu3,0.0
1431,ID_3ayAzE,0.0
1433,ID_3azS6n,0.0
1435,ID_3b5VKb,0.0
1437,ID_3bAyZA,0.0
1441,ID_3bHeus,0.0
1445,ID_3bQzso,0.0
1447,ID_3bRgqF,0.0
1450,ID_3bWUPX,0.0
1451,ID_3bYsYy,0.0
1453,ID_3bdMr4,0.0
1456,ID_3bef7a,0.0
1458,ID_3bhQxB,0.0
1459,ID_3bhoDd,0.0
1460,ID_3bjyzN,0.0
1467,ID_3bwJWQ,0.0
1470,ID_3by4EQ,0.0
1473,ID_3bzk89,0.0
1474,ID_3c4vZ2,0.0
1475,ID_3c6kfx,0.0
1476,ID_3c6oqD,0.0
1478,ID_3c7zAv,0.0
1482,ID_3cCF7W,0.0
1483,ID_3cF5Lb,0.0
1486,ID_3cFYg2,0.0
1487,ID_3cFfKn,0.0
1491,ID_3cL4ZW,0.0
1493,ID_3cQ4dJ,0.0
1494,ID_3cUTzm,0.0
1496,ID_3cWE8A,0.0
1497,ID_3cWUW7,0.0
1499,ID_3cXgt4,0.0
1500,ID_3caxdm,0.0
1508,ID_3ckcrB,0.0
1513,ID_3ctF95,0.0
1515,ID_3ctuWF,0.0
1519,ID_3cz2fm,0.0
1525,ID_3d6Wtv,0.0
1528,ID_3dF6gX,0.0
1529,ID_3dFnr6,0.0
1532,ID_3dKW2z,0.0
1533,ID_3dNZq2,0.0
1534,ID_3dQ7S7,0.0
1538,ID_3dSYu5,0.0
1542,ID_3dgu6P,0.0
1546,ID_3dniQ8,0.0
1548,ID_3dokgH,0.0
1549,ID_3dondg,0.0
1550,ID_3dpGQj,0.0
1551,ID_3dpyon,0.0
1552,ID_3drBKr,0.0
1557,ID_3dvZiv,0.0
1561,ID_3e2Jsq,0.0
1564,ID_3e4p3c,0.0
1567,ID_3eE4Js,0.0
1568,ID_3eEMPa,0.0
1574,ID_3eNqP3,0.0
1575,ID_3ePfBe,0.0
1576,ID_3ePxvi,0.0
1593,ID_3enUkR,0.0
1597,ID_3esDRL,0.0
1604,ID_3f2yuz,0.0
1606,ID_3f5ytG,0.0
1610,ID_3fBVm6,0.0
1611,ID_3fBqoc,0.0
1617,ID_3fJK5j,0.0
1619,ID_3fNMV4,0.0
1620,ID_3fNtce,0.0
1622,ID_3fQq9U,0.0
1625,ID_3fUEBU,0.0
1628,ID_3fY8MV,0.0
1636,ID_3fk5Co,0.0
1637,ID_3fnBMf,0.0
1641,ID_3fsG8J,0.0
1645,ID_3fv64L,0.0
1649,ID_3fzg5Q,0.0
1650,ID_3g47mR,0.0
1655,ID_3g8oZX,0.0
1659,ID_3gE7Vu,0.0
1660,ID_3gFdmK,0.0
1662,ID_3gHAyT,0.0
1667,ID_3gQREn,0.0
1668,ID_3gQuzw,0.0
1669,ID_3gSpGE,0.0
1676,ID_3gb3VU,0.0
1681,ID_3gfRhu,0.0
1684,ID_3ggKeh,0.0
1686,ID_3gjrr8,0.0
1690,ID_3gtMzQ,0.0
1695,ID_3gwYvY,0.0
1697,ID_3gzSip,0.0
1703,ID_3h8YwP,0.0
1705,ID_3hBs7q,0.0
1707,ID_3hH8vp,0.0
1710,ID_3hNTwY,0.0
1716,ID_3hTCGz,0.0
1717,ID_3hTpkL,0.0
1721,ID_3hXL3H,0.0
1726,ID_3hd2Sf,0.0
1730,ID_3hhC8J,0.0
1732,ID_3hiBFW,0.0
1733,ID_3higdr,0.0
1737,ID_3hpPXt,0.0
1739,ID_3hrvVs,0.0
1742,ID_3htKny,0.0
1746,ID_3i6TCY,0.0
1749,ID_3i7DEK,0.0
1755,ID_3iEx77,0.0
1758,ID_3iLnm7,0.0
1759,ID_3iMDku,0.0
1774,ID_3ixAC3,0.0
1777,ID_3j6NCN,0.0
1784,ID_3jHLF3,0.0
1785,ID_3jHvpk,0.0
1790,ID_3jRqnq,0.0
1792,ID_3jVCyn,0.0
1794,ID_3jWBYC,0.0
1796,ID_3jar5j,0.0
1803,ID_3jmXKc,0.0
1805,ID_3jnPFR,0.0
1806,ID_3jnQxy,0.0
1808,ID_3joXaY,0.0
1817,ID_3k2mHe,0.0
1818,ID_3k33r2,0.0
1819,ID_3k5Eve,0.0
1822,ID_3k6j86,0.0
1828,ID_3kFfQ5,0.0
1831,ID_3kKQhk,0.0
1834,ID_3kae5r,0.0
1837,ID_3kcWss,0.0
1838,ID_3kctaC,0.0
1839,ID_3kdLZA,0.0
1842,ID_3khbHp,0.0
1845,ID_3ko7va,0.0
1851,ID_3ks8zq,0.0
1856,ID_3m3c4f,0.0
1859,ID_3m77sL,0.0
1862,ID_3m8cTq,0.0
1863,ID_3m9dtC,0.0
1865,ID_3mBEth,0.0
1867,ID_3mCEVc,0.0
1868,ID_3mChBw,0.0
1869,ID_3mCtzE,0.0
1874,ID_3mK7sk,0.0
1877,ID_3mKiG4,0.0
1879,ID_3mNLHh,0.0
1880,ID_3mNVcj,0.0
1881,ID_3mNwGu,0.0
1884,ID_3mS3mQ,0.0
1885,ID_3mSCtB,0.0
1886,ID_3mTGJF,0.0
1888,ID_3mTT3X,0.0
1892,ID_3mYwC4,0.0
1894,ID_3mbPQ4,0.0
1895,ID_3mcqye,0.0
1896,ID_3mdMfR,0.0
1897,ID_3mdMgk,0.0
1899,ID_3mepHu,0.0
1900,ID_3mg4d7,0.0
1907,ID_3mjdep,0.0
1908,ID_3mn5r2,0.0
1912,ID_3mrXBr,0.0
1914,ID_3n4iLU,0.0
1917,ID_3n9gm9,0.0
1921,ID_3nKUER,0.0
1923,ID_3nMZHF,0.0
1925,ID_3nNpMx,0.0
1929,ID_3nR7zj,0.0
1932,ID_3nYch3,0.0
1937,ID_3na5un,0.0
1938,ID_3naWjo,0.0
1939,ID_3nc24z,0.0
1943,ID_3nhJGP,0.0
1947,ID_3nj9pU,0.0
1948,ID_3nkM6D,0.0
1949,ID_3nmWEC,0.0
1953,ID_3nw47U,0.0
1954,ID_3nyhBc,0.0
1955,ID_3o2udR,0.0
1966,ID_3oHTVN,0.0
1969,ID_3oJtyj,0.0
1970,ID_3oQya4,0.0
1971,ID_3oRsu5,0.0
1973,ID_3oVYFQ,0.0
1984,ID_3ojJzw,0.0
1990,ID_3osTZ3,0.0
1991,ID_3osnR4,0.0
1993,ID_3otqw8,0.0
1996,ID_3ozqeU,0.0
2000,ID_3pA8hs,0.0
2002,ID_3pCNPp,0.0
2006,ID_3pKHch,0.0
2013,ID_3pRQXG,0.0
2022,ID_3pfm7T,0.0
2026,ID_3pjzYT,0.0
2029,ID_3pnPLB,0.0
2031,ID_3pqkK8,0.0
2033,ID_3prve4,0.0
2041,ID_3pzxH6,0.0
2043,ID_3q3tAi,0.0
2044,ID_3q4NbG,0.0
2045,ID_3qA33x,0.0
2048,ID_3qFtGE,0.0
2049,ID_3qHtvh,0.0
2053,ID_3qMtjw,0.0
2058,ID_3qPU8F,0.0
2060,ID_3qSa5A,0.0
2061,ID_3qSkYf,0.0
2063,ID_3qVFkk,0.0
2064,ID_3qWZ4p,0.0
2068,ID_3qdnHi,0.0
2078,ID_3qpS5C,0.0
2083,ID_3qviYy,0.0
2084,ID_3qw647,0.0
2087,ID_3qzpS5,0.0
2088,ID_3r3FUp,0.0
2097,ID_3rLFT3,0.0
2102,ID_3rUfQ9,0.0
2103,ID_3rUk92,0.0
2106,ID_3reKnn,0.0
2111,ID_3roTqv,0.0
2114,ID_3rqPVH,0.0
2115,ID_3rszmC,0.0
2116,ID_3rwULs,0.0
2117,ID_3rwjJ4,0.0
2122,ID_3s5Cqn,0.0
2125,ID_3s87BN,0.0
2128,ID_3sC54K,0.0
2129,ID_3sEvvW,0.0
2131,ID_3sKXt7,0.0
2138,ID_3sU2jK,0.0
2140,ID_3sV3bZ,0.0
2142,ID_3sWhsg,0.0
2144,ID_3sX3bX,0.0
2145,ID_3sXQbD,0.0
2146,ID_3sZUyk,0.0
2148,ID_3sbGEs,0.0
2151,ID_3sd6y5,0.0
2157,ID_3ssWYB,0.0
2160,ID_3t2aks,0.0
2163,ID_3t4Eyg,0.0
2165,ID_3t4kf2,0.0
2181,ID_3tNe46,0.0
2185,ID_3tSUS7,0.0
2186,ID_3tSnJe,0.0
2188,ID_3tTM4h,0.0
2193,ID_3tafTT,0.0
2196,ID_3teq2d,0.0
2201,ID_3tqANA,0.0
2202,ID_3tqZ3h,0.0
2207,ID_3twycZ,0.0
2208,ID_3tx8cw,0.0
2211,ID_3tzLKC,0.0
2214,ID_3u226A,0.0
2215,ID_3u3EM3,0.0
2216,ID_3u3H7r,0.0
2220,ID_3u8YTu,0.0
2222,ID_3uBZk7,0.0
2224,ID_3uCSnG,0.0
2225,ID_3uEBVX,0.0
2230,ID_3uNDmT,0.0
2236,ID_3uUbHG,0.0
2239,ID_3uWLkv,0.0
2241,ID_3uWbuC,0.0
2242,ID_3uXZFJ,0.0
2244,ID_3uaeRz,0.0
2247,ID_3udroR,0.0
2254,ID_3uqN9p,0.0
2256,ID_3uteRQ,0.0
2258,ID_3uuAsL,0.0
2260,ID_3uz98m,0.0
2262,ID_3v3v9T,0.0
2265,ID_3v7Qfj,0.0
2277,ID_3vPEkN,0.0
2280,ID_3vSjSC,0.0
2285,ID_3vYNkP,0.0
2290,ID_3vk57c,0.0
2291,ID_3vkMwJ,0.0
2292,ID_3vkXJN,0.0
2293,ID_3vksNG,0.0
2303,ID_3w3ovd,0.0
2307,ID_3w7sFM,0.0
2308,ID_3w8ETA,0.0
2309,ID_3wAECy,0.0
2310,ID_3wCNu2,0.0
2313,ID_3wFFDx,0.0
2314,ID_3wGC5a,0.0
2316,ID_3wJxXJ,0.0
2318,ID_3wL2qj,0.0
2321,ID_3wN3Gi,0.0
2340,ID_3wnaT4,0.0
2342,ID_3wpHuT,0.0
2350,ID_3wwuJ4,0.0
2351,ID_3wyGof,0.0
2353,ID_3x9QaP,0.0
2355,ID_3xAs3p,0.0
2365,ID_3xNijy,0.0
2368,ID_3xQ2y2,0.0
2376,ID_3xcdZk,0.0
2381,ID_3xgYB4,0.0
2382,ID_3xgdbV,0.0
2383,ID_3xh5vA,0.0
2384,ID_3xiEDb,0.0
2391,ID_3xr99q,0.0
2398,ID_3xuQGw,0.0
2400,ID_3xyXim,0.0
2401,ID_3y262m,0.0
2405,ID_3y6y3g,0.0
2406,ID_3y9oJq,0.0
2411,ID_3yDw9Q,0.0
2416,ID_3yKDeK,0.0
2421,ID_3yQ2nJ,0.0
2426,ID_3yUVHk,0.0
2427,ID_3yVYbQ,0.0
2429,ID_3yWK2v,0.0
2432,ID_3yiboF,0.0
2434,ID_3ymdah,0.0
2438,ID_3yorPq,0.0
2444,ID_3yufB5,0.0
2446,ID_3ywdRn,0.0
2447,ID_3yyCke,0.0
2448,ID_3yyEqn,0.0
2450,ID_3yz7su,0.0
2455,ID_3zBkVC,0.0
2466,ID_3zRLnz,0.0
2467,ID_3zRzBZ,0.0
2469,ID_3zTpH2,0.0
2470,ID_3zTv8o,0.0
2474,ID_3zWwr6,0.0
2480,ID_3zcaUd,0.0
2483,ID_3zhpjx,0.0
2484,ID_3zjA5f,0.0
2486,ID_3zje3o,0.0
2487,ID_3zkXoD,0.0
2491,ID_3zriJ4,0.0
2493,ID_3zsTVY,0.0
2494,ID_3zsTkF,0.0
2496,ID_3zsz36,0.0
2497,ID_3ztCkE,0.0
2504,ID_427Yju,0.0
2505,ID_428vxn,0.0
2519,ID_42XxBz,0.0
2520,ID_42Yu6A,0.0
2522,ID_42aNxk,0.0
2525,ID_42ie7B,0.0
2526,ID_42irvY,0.0
2527,ID_42k8so,0.0
2532,ID_42vz2E,0.0
2533,ID_42wtra,0.0
2535,ID_4345dw,0.0
2539,ID_438wDU,0.0
2546,ID_43EWRH,0.0
2558,ID_43RTpu,0.0
2559,ID_43SvDt,0.0
2562,ID_43YukR,0.0
2564,ID_43dxfa,0.0
2568,ID_43hZTJ,0.0
2580,ID_43tdJw,0.0
2581,ID_43tnKY,0.0
2582,ID_43vEgw,0.0
2584,ID_43yZ2G,0.0
2587,ID_4428Sx,0.0
2589,ID_443wdM,0.0
2590,ID_445za2,0.0
2595,ID_44B8R7,0.0
2599,ID_44Fm9o,0.0
2602,ID_44Gk4V,0.0
2603,ID_44Gv3u,0.0
2607,ID_44Mt2c,0.0
2612,ID_44TGPS,0.0
2614,ID_44XzeD,0.0
2616,ID_44byBU,0.0
2617,ID_44byvx,0.0
2619,ID_44ecrT,0.0
2621,ID_44jTfM,0.0
2625,ID_44nwZK,0.0
2633,ID_44xySF,0.0
2634,ID_44yYNN,0.0
2636,ID_44zVP6,0.0
2638,ID_453zNm,0.0
2641,ID_458ub9,0.0
2647,ID_45G6cg,0.0
2658,ID_45WpC7,0.0
2667,ID_45g7ea,0.0
2678,ID_45uEbU,0.0
2680,ID_45w6nz,0.0
2681,ID_45wD6i,0.0
2686,ID_4652bq,0.0
2688,ID_468Rr7,0.0
2695,ID_46JaJW,0.0
2698,ID_46Lkh9,0.0
2704,ID_46TZGL,0.0
2709,ID_46buzB,0.0
2713,ID_46h63v,0.0
2721,ID_46q6Fd,0.0
2722,ID_46s8CX,0.0
2733,ID_47B4q3,0.0
2736,ID_47K479,0.0
2739,ID_47Mgz7,0.0
2741,ID_47PNsg,0.0
2743,ID_47QkWc,0.0
2745,ID_47RPdm,0.0
2746,ID_47RdvY,0.0
2748,ID_47TTKs,0.0
2752,ID_47YE6p,0.0
2753,ID_47aVoR,0.0
2755,ID_47bLHU,0.0
2757,ID_47d2dh,0.0
2758,ID_47eFLT,0.0
2763,ID_47iZcJ,0.0
2765,ID_47kMAv,0.0
2769,ID_47omia,0.0
2772,ID_47s67m,0.0
2773,ID_47tj4K,0.0
2776,ID_47vpzd,0.0
2777,ID_47ztNL,0.0
2781,ID_486SYz,0.0
2788,ID_48BqGg,0.0
2791,ID_48EauA,0.0
2793,ID_48FAME,0.0
2798,ID_48Q9Bg,0.0
2801,ID_48VUHQ,0.0
2802,ID_48VVxy,0.0
2807,ID_48ZnvT,0.0
2809,ID_48dFs3,0.0
2812,ID_48eW92,0.0
2814,ID_48gpe6,0.0
2819,ID_48pceF,0.0
2820,ID_48qMXB,0.0
2822,ID_48ubks,0.0
2826,ID_496sof,0.0
2827,ID_497HZX,0.0
2828,ID_499mfT,0.0
2829,ID_49A5Je,0.0
2834,ID_49Hke2,0.0
2836,ID_49LNdY,0.0
2837,ID_49Mvin,0.0
2842,ID_49WcKe,0.0
2845,ID_49b7WZ,0.0
2846,ID_49b8eb,0.0
2849,ID_49fKCg,0.0
2856,ID_49rM3S,0.0
2860,ID_49wJzT,0.0
2861,ID_49wkSQ,0.0
2868,ID_4A8KVQ,0.0
2869,ID_4A8z68,0.0
2871,ID_4AAj3Y,0.0
2878,ID_4ASBFi,0.0
2880,ID_4AUiNP,0.0
2887,ID_4AbPCY,0.0
2890,ID_4AjVV3,0.0
2892,ID_4AmrC8,0.0
2894,ID_4An6rT,0.0
2896,ID_4And56,0.0
2903,ID_4AwWwG,0.0
2904,ID_4AwhuY,0.0
2908,ID_4B4j2Y,0.0
2910,ID_4BArER,0.0
2912,ID_4BDJGP,0.0
2915,ID_4BFAfa,0.0
2918,ID_4BN3pn,0.0
2920,ID_4BNtk4,0.0
2922,ID_4BQfv6,0.0
2926,ID_4BajRv,0.0
2934,ID_4BpvFh,0.0
2940,ID_4C6VsC,0.0
2946,ID_4CBnpn,0.0
2953,ID_4CGmY7,0.0
2964,ID_4CWoNd,0.0
2972,ID_4CfVZL,0.0
2985,ID_4CtTD4,0.0
2986,ID_4CtsFu,0.0
2987,ID_4Cuwtt,0.0
2992,ID_4D72AK,0.0
2993,ID_4D8mNr,0.0
3000,ID_4DJXJ5,0.0
3001,ID_4DLAj8,0.0
3004,ID_4DQK9v,0.0
3005,ID_4DSavB,0.0
3006,ID_4DW76L,0.0
3013,ID_4DdkRE,0.0
3016,ID_4DeVPG,0.0
3017,ID_4Dh7w7,0.0
3023,ID_4Dspok,0.0
3025,ID_4DvJRL,0.0
3026,ID_4DvTZ7,0.0
3027,ID_4DvjGv,0.0
3028,ID_4DwCys,0.0
3029,ID_4DxVcz,0.0
3030,ID_4DxXSj,0.0
3032,ID_4E45nD,0.0
3035,ID_4E97Ux,0.0
3042,ID_4EG2N8,0.0
3044,ID_4EJXNv,0.0
3048,ID_4ELbj3,0.0
3059,ID_4Eb4LP,0.0
3060,ID_4EcRDg,0.0
3061,ID_4EcZxm,0.0
3065,ID_4Eg8rT,0.0
3066,ID_4EiMjc,0.0
3069,ID_4EmNZL,0.0
3070,ID_4EmoWB,0.0
3078,ID_4F43ot,0.0
3079,ID_4F4Poy,0.0
3080,ID_4F8DtK,0.0
3088,ID_4FLecK,0.0
3095,ID_4FUqjt,0.0
3101,ID_4Fc2us,0.0
3116,ID_4FpJrR,0.0
3117,ID_4FsfNq,0.0
3118,ID_4Ftqfi,0.0
3120,ID_4FuHhq,0.0
3121,ID_4G38yH,0.0
3122,ID_4G3DhK,0.0
3129,ID_4GBQES,0.0
3132,ID_4GCfWd,0.0
3134,ID_4GH6w3,0.0
3144,ID_4GbAL3,0.0
3146,ID_4GkDRz,0.0
3156,ID_4GyarP,0.0
3161,ID_4H5f7E,0.0
3167,ID_4HHFzA,0.0
3169,ID_4HJMee,0.0
3170,ID_4HKhcd,0.0
3174,ID_4HTeNZ,0.0
3179,ID_4HZ2D2,0.0
3181,ID_4HZsY6,0.0
3183,ID_4HbHDt,0.0
3184,ID_4HeFHQ,0.0
3186,ID_4HfJqZ,0.0
3190,ID_4HnFfp,0.0
3196,ID_4HsHMv,0.0
3198,ID_4HtETK,0.0
3202,ID_4J2irM,0.0
3203,ID_4J495y,0.0
3204,ID_4J558s,0.0
3206,ID_4J5Nmd,0.0
3210,ID_4JBJP3,0.0
3211,ID_4JBUDg,0.0
3223,ID_4JTaet,0.0
3229,ID_4JbpJ5,0.0
3232,ID_4Jf4o7,0.0
3235,ID_4Jj96N,0.0
3237,ID_4JnYWM,0.0
3243,ID_4JsurC,0.0
3244,ID_4JtpUr,0.0
3245,ID_4Jvhj5,0.0
3246,ID_4JyRwH,0.0
3249,ID_4K4YpA,0.0
3250,ID_4K5BzS,0.0
3251,ID_4K6KyZ,0.0
3252,ID_4K6k9m,0.0
3256,ID_4KBUro,0.0
3259,ID_4KEXJP,0.0
3260,ID_4KGjix,0.0
3262,ID_4KHnid,0.0
3268,ID_4KNCur,0.0
3273,ID_4KQywR,0.0
3274,ID_4KTLHp,0.0
3275,ID_4KTXZ6,0.0
3277,ID_4KWLcA,0.0
3282,ID_4KezX2,0.0
3284,ID_4Kh6J4,0.0
3285,ID_4Kj9xD,0.0
3286,ID_4Kjw4P,0.0
3288,ID_4Kkwev,0.0
3290,ID_4KmUvb,0.0
3292,ID_4KnQkC,0.0
3293,ID_4KniJw,0.0
3295,ID_4KpDba,0.0
3299,ID_4Kutz8,0.0
3303,ID_4L8mqP,0.0
3306,ID_4LCS2L,0.0
3309,ID_4LGnrV,0.0
3311,ID_4LJxNr,0.0
3314,ID_4LSt9m,0.0
3320,ID_4LaiZS,0.0
3324,ID_4LgBqv,0.0
3328,ID_4LjBm4,0.0
3330,ID_4LnP7f,0.0
3337,ID_4M63kg,0.0
3346,ID_4MGZwo,0.0
3348,ID_4MMp3P,0.0
3351,ID_4MQHCN,0.0
3353,ID_4MVG2A,0.0
3359,ID_4MbBb2,0.0
3361,ID_4McmSp,0.0
3363,ID_4MeET8,0.0
3364,ID_4Mee5X,0.0
3373,ID_4Mqac8,0.0
3375,ID_4MrYGR,0.0
3379,ID_4MvyKr,0.0
3381,ID_4MyWgr,0.0
3391,ID_4NBfyj,0.0
3392,ID_4NGJGg,0.0
3393,ID_4NH6yj,0.0
3394,ID_4NJmQp,0.0
3399,ID_4NUACH,0.0
3403,ID_4NVHiq,0.0
3407,ID_4Nd4WS,0.0
3409,ID_4NeNy4,0.0
3416,ID_4NkXYt,0.0
3417,ID_4NkbTi,0.0
3418,ID_4NkvnL,0.0
3421,ID_4NnQpm,0.0
3423,ID_4Nr87j,0.0
3424,ID_4NrkkF,0.0
3425,ID_4NsH3Z,0.0
3428,ID_4Nw66j,0.0
3430,ID_4P2mLq,0.0
3432,ID_4P7jH6,0.0
3438,ID_4PCBXi,0.0
3448,ID_4PRdju,0.0
3450,ID_4PWKZy,0.0
3454,ID_4PcxzW,0.0
3455,ID_4Pcyua,0.0
3456,ID_4PeKiw,0.0
3457,ID_4PeXxm,0.0
3461,ID_4PjD3D,0.0
3467,ID_4PtCwG,0.0
3472,ID_4PvcZp,0.0
3476,ID_4PyXuF,0.0
3478,ID_4Q2JjR,0.0
3479,ID_4Q3HQF,0.0
3481,ID_4Q5ut4,0.0
3483,ID_4QALZd,0.0
3486,ID_4QCpSM,0.0
3490,ID_4QLcdY,0.0
3493,ID_4QNEmm,0.0
3494,ID_4QNG6R,0.0
3495,ID_4QNtuQ,0.0
3497,ID_4QPSZV,0.0
3501,ID_4QRvku,0.0
3504,ID_4QTiou,0.0
3508,ID_4QYRhn,0.0
3511,ID_4Qdq6D,0.0
3519,ID_4QrnHJ,0.0
3521,ID_4QuLrw,0.0
3523,ID_4QvWe7,0.0
3526,ID_4QxgYA,0.0
3528,ID_4QyTJE,0.0
3533,ID_4R4g9K,0.0
3541,ID_4RK6yS,0.0
3543,ID_4RMebn,0.0
3547,ID_4RRZ29,0.0
3550,ID_4RRp9p,0.0
3551,ID_4RRv2d,0.0
3554,ID_4RVkhT,0.0
3562,ID_4RahR6,0.0
3566,ID_4RiUDm,0.0
3569,ID_4RmdvF,0.0
3570,ID_4RoHAJ,0.0
3575,ID_4RrcQn,0.0
3576,ID_4Ry4Rq,0.0
3577,ID_4Ryjc4,0.0
3578,ID_4RzHAY,0.0
3586,ID_4SBUg7,0.0
3590,ID_4SERdV,0.0
3591,ID_4SFFWv,0.0
3594,ID_4SLtqo,0.0
3596,ID_4SPs5q,0.0
3598,ID_4SRbdy,0.0
3603,ID_4SUPCb,0.0
3605,ID_4SXGhB,0.0
3609,ID_4SbGAa,0.0
3611,ID_4ScHUP,0.0
3615,ID_4ShZAZ,0.0
3618,ID_4Sj4k4,0.0
3620,ID_4SkG6X,0.0
3622,ID_4Sm7ff,0.0
3623,ID_4SmnGn,0.0
3626,ID_4SoTK8,0.0
3629,ID_4Ssaeh,0.0
3631,ID_4Sumao,0.0
3636,ID_4SxYXB,0.0
3646,ID_4T9GAC,0.0
3651,ID_4TFAza,0.0
3652,ID_4TH92f,0.0
3653,ID_4THvBX,0.0
3654,ID_4TJQro,0.0
3657,ID_4TMVgR,0.0
3663,ID_4TXTZ5,0.0
3664,ID_4TXqHG,0.0
3666,ID_4TanPS,0.0
3669,ID_4TcwHp,0.0
3670,ID_4TdbCR,0.0
3671,ID_4TdsNA,0.0
3672,ID_4Tfs3h,0.0
3673,ID_4ThFZr,0.0
3674,ID_4ThnQF,0.0
3675,ID_4TmHJw,0.0
3677,ID_4Tnt4s,0.0
3679,ID_4Tuhpo,0.0
3683,ID_4U3kZw,0.0
3686,ID_4UBp5P,0.0
3688,ID_4UDHqU,0.0
3690,ID_4UFyDs,0.0
3691,ID_4UJrNA,0.0
3694,ID_4UNEX9,0.0
3695,ID_4UQruy,0.0
3699,ID_4UUFAk,0.0
3708,ID_4Ug8CL,0.0
3719,ID_4UwBVi,0.0
3721,ID_4V3wfB,0.0
3723,ID_4V4tWQ,0.0
3725,ID_4VCYdj,0.0
3730,ID_4VJtAk,0.0
3735,ID_4VSCDf,0.0
3736,ID_4VTVzy,0.0
3740,ID_4VW7GT,0.0
3744,ID_4VdkFh,0.0
3746,ID_4Vgbz7,0.0
3747,ID_4VghWm,0.0
3748,ID_4Vj3eo,0.0
3749,ID_4VkJQc,0.0
3751,ID_4VoCdB,0.0
3754,ID_4VrwW9,0.0
3755,ID_4VsUqF,0.0
3758,ID_4Vxr8t,0.0
3767,ID_4W8hWD,0.0
3769,ID_4WCR2n,0.0
3774,ID_4WQciU,0.0
3776,ID_4WRUNp,0.0
3786,ID_4Wjjv4,0.0
3789,ID_4WoDEU,0.0
3791,ID_4WpDa5,0.0
3794,ID_4WtEYB,0.0
3800,ID_4WzgxW,0.0
3803,ID_4X2Bnt,0.0
3806,ID_4XGk2A,0.0
3815,ID_4XUxjf,0.0
3821,ID_4XiGso,0.0
3822,ID_4XmHoe,0.0
3824,ID_4XqzJ6,0.0
3825,ID_4XrkB9,0.0
3829,ID_4Xy6Kt,0.0
3832,ID_4bGF4C,0.0
3834,ID_4fWu9s,0.0
3835,ID_4fpGxR,0.0
3840,ID_4kS4sA,0.0
3850,ID_4sbGfX,0.0
3853,ID_4x3sZT,0.0
3857,ID_52RTJg,0.0
3858,ID_536e8F,0.0
3865,ID_5ASAz9,0.0
3867,ID_5CotvF,0.0
3868,ID_5Jj8uw,0.0
3870,ID_5KK9LF,0.0
3874,ID_5QtEXt,0.0
3882,ID_5ZhVK4,0.0
3895,ID_5jXe2U,0.0
3906,ID_5wYDYK,0.0
3907,ID_5z4vQY,0.0
3911,ID_6AXhzA,0.0
3912,ID_6CgncA,0.0
3914,ID_6DhHbv,0.0
3916,ID_6HAVEu,0.0
3918,ID_6M8NtL,0.0
3920,ID_6PvE9L,0.0
3922,ID_6RFoHK,0.0
3926,ID_6WuVkf,0.0
3933,ID_6bWRDw,0.0
3936,ID_6dZnde,0.0
3937,ID_6eMgox,0.0
3939,ID_6hCz4v,0.0
3942,ID_6oFnik,0.0
3943,ID_6oYo2s,0.0
3946,ID_6poEHK,0.0
3950,ID_6vorYz,0.0
3955,ID_7274Uz,0.0
3956,ID_74UNuw,0.0
3960,ID_76VUMc,0.0
3962,ID_78kY7X,0.0
3979,ID_7WQB4t,0.0
3980,ID_7WTs5k,0.0
3981,ID_7YXS43,0.0
3982,ID_7ayeCx,0.0
3983,ID_7czrAg,0.0
3989,ID_7mVwcF,0.0
3992,ID_7mybkj,0.0
3995,ID_7qhFQN,0.0
4002,ID_7uawv4,0.0
4004,ID_82zk75,0.0
4007,ID_8AMutK,0.0
4014,ID_8MBUt5,0.0
4017,ID_8Qin5F,0.0
4018,ID_8SvbCM,0.0
4019,ID_8W4B6L,0.0
4022,ID_8aUQ6p,0.0
4027,ID_8gcRTf,0.0
4029,ID_8hVN2q,0.0
4030,ID_8jW758,0.0
4032,ID_8mH5fd,0.0
4034,ID_8nzBrd,0.0
4035,ID_8oLtT3,0.0
4039,ID_8rrCJu,0.0
4045,ID_8wEqoA,0.0
4049,ID_8xNrGc,0.0
4050,ID_8zgCYe,0.0
4054,ID_94RyBH,0.0
4057,ID_96qLRg,0.0
4062,ID_9DUzmG,0.0
4063,ID_9E6zoj,0.0
4067,ID_9FrcGp,0.0
4068,ID_9Fz5Cp,0.0
4070,ID_9KKrN2,0.0
4076,ID_9SxvWY,0.0
4078,ID_9WYx3A,0.0
4079,ID_9WvbRE,0.0
4086,ID_9gLncZ,0.0
4087,ID_9gRdGV,0.0
4088,ID_9gifsD,0.0
4090,ID_9jSmWq,0.0
4092,ID_9oCike,0.0
4094,ID_9ryMHX,0.0
4095,ID_9tf2AV,0.0
4096,ID_9tg8f9,0.0
4099,ID_9uYma6,0.0
4102,ID_9zU2D2,0.0
4106,ID_A9WXtq,0.0
4107,ID_A9nc28,0.0
4108,ID_A9uWfy,0.0
4109,ID_AAFM5C,0.0
4110,ID_AApefY,0.0
4113,ID_ADGr8t,0.0
4119,ID_AKT95J,0.0
4121,ID_APWgNd,0.0
4122,ID_APoPNc,0.0
4124,ID_ARVUf5,0.0
4125,ID_AWAPQV,0.0
4130,ID_AaWDrB,0.0
4135,ID_AhCA2B,0.0
4146,ID_Ar7X3i,0.0
4147,ID_Asyp8N,0.0
4150,ID_Axocmd,0.0
4154,ID_B4j5Vv,0.0
4157,ID_B72fpQ,0.0
4158,ID_B9KoHt,0.0
4160,ID_BCJrJt,0.0
4163,ID_BEdvTg,0.0
4165,ID_BNuZfq,0.0
4166,ID_BPRNLQ,0.0
4170,ID_Bbf8ch,0.0
4175,ID_BfQNqs,0.0
4179,ID_Bmc6SR,0.0
4180,ID_Bnxss3,0.0
4185,ID_Br8h7e,0.0
4190,ID_BtxFhp,0.0
4192,ID_BuyBda,0.0
4194,ID_C4LEeh,0.0
4198,ID_C974hk,0.0
4199,ID_CGi3BZ,0.0
4201,ID_CPW6ek,0.0
4204,ID_CS4D4X,0.0
4207,ID_CXpvVy,0.0
4214,ID_CoCmkG,0.0
4216,ID_Cv3Pbn,0.0
4217,ID_CvRg9Z,0.0
4223,ID_D8Txco,0.0
4224,ID_D8U7Cq,0.0
4225,ID_D9Beh8,0.0
4226,ID_DFMKgC,0.0
4227,ID_DFVoZD,0.0
4232,ID_DNL2GN,0.0
4234,ID_DTDLzC,0.0
4239,ID_DbNrtA,0.0
4241,ID_Dd2Gnb,0.0
4245,ID_DiJVTu,0.0
4248,ID_DjjgoB,0.0
4249,ID_Dq5xGA,0.0
4252,ID_DuBAKS,0.0
4256,ID_Dy4qTo,0.0
4260,ID_E6zafb,0.0
4261,ID_E9CbwR,0.0
4262,ID_E9SThL,0.0
4263,ID_E9uYAJ,0.0
4265,ID_EBVqfE,0.0
4266,ID_ECyAj6,0.0
4268,ID_EMUtzf,0.0
4271,ID_ETBzaN,0.0
4275,ID_EYLLhC,0.0
4285,ID_EkbRym,0.0
4287,ID_EmLd2W,0.0
4297,ID_F2f43D,0.0
4300,ID_F4TMkH,0.0
4301,ID_F54ozX,0.0
4311,ID_FKx86o,0.0
4313,ID_FPTwbH,0.0
4316,ID_FUboNP,0.0
4318,ID_FWhuRT,0.0
4322,ID_FbtzdU,0.0
4323,ID_FcJ5uT,0.0
4329,ID_ForNWx,0.0
4331,ID_FshCsT,0.0
4332,ID_FsmKSb,0.0
4333,ID_FsubrA,0.0
4336,ID_Fu3vNV,0.0
4338,ID_Furmb2,0.0
4339,ID_FvJzJJ,0.0
4341,ID_FxBfmK,0.0
4342,ID_FxU63Z,0.0
4346,ID_G4yVTB,0.0
4353,ID_GEfSCU,0.0
4356,ID_GKkx2c,0.0
4358,ID_GMdSCK,0.0
4359,ID_GPSfAm,0.0
4361,ID_GSjqP6,0.0
4363,ID_GXdLE4,0.0
4366,ID_GZXYpQ,0.0
4367,ID_Gadc7M,0.0
4369,ID_GbJVht,0.0
4373,ID_GehrkK,0.0
4377,ID_GjwPAM,0.0
4378,ID_GkGnf8,0.0
4379,ID_GncTwD,0.0
4382,ID_GpxVYD,0.0
4386,ID_GxyHHv,0.0
4388,ID_GzXay3,0.0
4389,ID_H2FAqC,0.0
4390,ID_H4itC2,0.0
4391,ID_HCRijF,0.0
4393,ID_HDDLxj,0.0
4395,ID_HDixpM,0.0
4399,ID_HGS7dd,0.0
4400,ID_HHhDrE,0.0
4403,ID_HSEE5k,0.0
4404,ID_HUDgNB,0.0
4408,ID_HYu5YX,0.0
4411,ID_HbcJ7n,0.0
4414,ID_HemRje,0.0
4415,ID_Hf8q7Q,0.0
4416,ID_HfPjQq,0.0
4419,ID_HjyMJS,0.0
4420,ID_Hp5k8J,0.0
4429,ID_JAB47X,0.0
4431,ID_JC2ETL,0.0
4433,ID_JDWGNa,0.0
4434,ID_JES5VE,0.0
4435,ID_JGeEkZ,0.0
4437,ID_JJAtAM,0.0
4439,ID_JMgseU,0.0
4440,ID_JPWVkr,0.0
4448,ID_Jan9kH,0.0
4450,ID_JdHj9z,0.0
4451,ID_Je4tJb,0.0
4452,ID_JhpEYs,0.0
4453,ID_JkCiPB,0.0
4454,ID_JmdCC5,0.0
4455,ID_JoJDAy,0.0
4457,ID_JqvX5W,0.0
4465,ID_JuMM5A,0.0
4466,ID_Jv2hUY,0.0
4469,ID_K3eZXr,0.0
4472,ID_K4WiJS,0.0
4473,ID_K4yVFJ,0.0
4475,ID_K87Fpy,0.0
4478,ID_KAHENL,0.0
4479,ID_KBZ6xo,0.0
4481,ID_KDN7cv,0.0
4489,ID_KPCno7,0.0
4493,ID_KUQkzV,0.0
4494,ID_KUtEug,0.0
4497,ID_KWu7gj,0.0
4499,ID_KYcySb,0.0
4500,ID_KaDP8X,0.0
4503,ID_KdUH8g,0.0
4504,ID_KfGYWP,0.0
4509,ID_KmxWr4,0.0
4512,ID_KqQZZq,0.0
4514,ID_KuLC32,0.0
4515,ID_KvVPpr,0.0
4525,ID_L7CFDC,0.0
4527,ID_LABupF,0.0
4534,ID_LKizFZ,0.0
4546,ID_LaMKBq,0.0
4552,ID_LfnWrZ,0.0
4557,ID_LiYDXL,0.0
4558,ID_LjGt4v,0.0
4559,ID_LjTDnN,0.0
4563,ID_Lq2Rb2,0.0
4566,ID_LspVp6,0.0
4567,ID_LwMNyX,0.0
4568,ID_LzDJQ7,0.0
4569,ID_M45RHi,0.0
4570,ID_M569wj,0.0
4573,ID_M7g8cG,0.0
4582,ID_MSEAh2,0.0
4585,ID_MUhQMW,0.0
4588,ID_MWBFiT,0.0
4589,ID_MXtaMs,0.0
4592,ID_MaGN3c,0.0
4594,ID_MdQ95S,0.0
4595,ID_MdqqsB,0.0
4598,ID_MjwVAg,0.0
4602,ID_MuNGzF,0.0
4605,ID_MxnrGx,0.0
4607,ID_N4bnVn,0.0
4608,ID_N5GoP7,0.0
4611,ID_N8KmBf,0.0
4614,ID_NBzSCY,0.0
4616,ID_NE634F,0.0
4618,ID_NFbdYT,0.0
4626,ID_NWjGtb,0.0
4627,ID_NXVp9D,0.0
4629,ID_NbLwcb,0.0
4631,ID_NgBNDJ,0.0
4635,ID_NjX5YC,0.0
4640,ID_NqWnt6,0.0
4641,ID_Ns5z5U,0.0
4645,ID_Nva3zT,0.0
4647,ID_NxyiNi,0.0
4648,ID_NyvUg9,0.0
4649,ID_NzTnyM,0.0
4651,ID_PA97XB,0.0
4652,ID_PAj6Xg,0.0
4655,ID_PDMBxa,0.0
4657,ID_PERKc9,0.0
4658,ID_PESxvf,0.0
4660,ID_PGrx5b,0.0
4661,ID_PMpn3W,0.0
4663,ID_PSwuAC,0.0
4666,ID_PVzaJJ,0.0
4667,ID_PWKYyQ,0.0
4668,ID_PXpekh,0.0
4669,ID_PagRX7,0.0
4670,ID_PdLnvg,0.0
4673,ID_PhFwgW,0.0
4675,ID_PjhfZq,0.0
4681,ID_PrXJyZ,0.0
4693,ID_QBLYJe,0.0
4697,ID_QHmA4t,0.0
4698,ID_QJtDP5,0.0
4704,ID_QS9awi,0.0
4707,ID_QVFNJz,0.0
4710,ID_QakYnR,0.0
4713,ID_QeNv9P,0.0
4721,ID_QrvYLN,0.0
4722,ID_QryC7q,0.0
4723,ID_Qt77UW,0.0
4726,ID_Qz3vGj,0.0
4733,ID_R5Jkej,0.0
4736,ID_R9QnNq,0.0
4742,ID_RJABAY,0.0
4745,ID_RNMyNs,0.0
4747,ID_RPXBG5,0.0
4748,ID_RQ86H8,0.0
4752,ID_RTzHbD,0.0
4753,ID_RUCVzx,0.0
4754,ID_RV95jU,0.0
4758,ID_RbJ258,0.0
4759,ID_RcKxD8,0.0
4763,ID_Rhj9CL,0.0
4767,ID_Rm5z44,0.0
4768,ID_Rn6t7F,0.0
4775,ID_RxxhuR,0.0
4776,ID_Ry8fHX,0.0
4777,ID_RzmRCE,0.0
4778,ID_S2P95K,0.0
4781,ID_S4Rdvo,0.0
4782,ID_S4cQPA,0.0
4783,ID_S5hwhj,0.0
4784,ID_SAYHEa,0.0
4788,ID_SCBRAA,0.0
4790,ID_SCsuiq,0.0
4791,ID_SDSySJ,0.0
4794,ID_SHwJmE,0.0
4798,ID_SKyprj,0.0
4799,ID_SLgXo5,0.0
4801,ID_SN6Pm8,0.0
4802,ID_SPfkoZ,0.0
4805,ID_SU3GKX,0.0
4813,ID_SfRJ9J,0.0
4820,ID_SpX3a2,0.0
4829,ID_T3Mi7f,0.0
4831,ID_T6RAmQ,0.0
4833,ID_TAZXGd,0.0
4834,ID_TAaTNu,0.0
4837,ID_TFozhV,0.0
4841,ID_THWjhn,0.0
4843,ID_TJz9ut,0.0
4845,ID_TNXKGr,0.0
4846,ID_TRSSE4,0.0
4849,ID_TV2irK,0.0
4850,ID_TVyVzT,0.0
4856,ID_TcRS33,0.0
4860,ID_ThVJtT,0.0
4862,ID_TiZJSu,0.0
4867,ID_TxfYwB,0.0
4868,ID_TyYQtq,0.0
4871,ID_U7mRKL,0.0
4873,ID_U9BGs8,0.0
4875,ID_UAKK7g,0.0
4879,ID_UCnDUT,0.0
4881,ID_UDowcw,0.0
4885,ID_UNX5Ha,0.0
4886,ID_UNbcp8,0.0
4893,ID_UVsENj,0.0
4894,ID_UW24L8,0.0
4899,ID_UdoJ49,0.0
4900,ID_UfnctW,0.0
4901,ID_UgaNxT,0.0
4907,ID_UpwZah,0.0
4909,ID_Uryjib,0.0
4910,ID_Us5M3g,0.0
4913,ID_UtoxvN,0.0
4916,ID_UzWZor,0.0
4917,ID_UzmVoV,0.0
4925,ID_VBSWky,0.0
4926,ID_VDJyxq,0.0
4927,ID_VEDSRc,0.0
4930,ID_VJbXd5,0.0
4932,ID_VLNFkg,0.0
4937,ID_VTVvNG,0.0
4939,ID_VWH9DQ,0.0
4951,ID_VmdXRd,0.0
4963,ID_W6w2Wh,0.0
4964,ID_W6wyYg,0.0
4965,ID_W79NuT,0.0
4968,ID_WAGdpc,0.0
4970,ID_WC29RD,0.0
4972,ID_WECyXW,0.0
4976,ID_WNvsEb,0.0
4980,ID_WVPq9r,0.0
4984,ID_WdUPZT,0.0
4985,ID_WdWGt2,0.0
4995,ID_Ww64ym,0.0
4996,ID_WzC2WJ,0.0
4999,ID_X4wr8P,0.0
5001,ID_X5LjFF,0.0
5006,ID_XCiwcb,0.0
5013,ID_XNrhJY,0.0
5016,ID_XTxyCm,0.0
5020,ID_Xa7T26,0.0
5023,ID_XgznXh,0.0
5027,ID_Xm27eS,0.0
5033,ID_XuiFrW,0.0
5035,ID_XxL7x2,0.0
5048,ID_YDEr2y,0.0
5053,ID_YFGe3S,0.0
5056,ID_YHz7u7,0.0
5058,ID_YMKZac,0.0
5065,ID_YTk7rK,0.0
5066,ID_YXm38u,0.0
5073,ID_YgCkoE,0.0
5074,ID_YhNWUh,0.0
5075,ID_YjrkBf,0.0
5078,ID_Ymbeg6,0.0
5086,ID_Z2rSDD,0.0
5088,ID_Z4MbTp,0.0
5091,ID_Z6Dr8q,0.0
5097,ID_ZAXUdu,0.0
5098,ID_ZAxMAJ,0.0
5102,ID_ZJxZV6,0.0
5104,ID_ZKxGS8,0.0
5110,ID_ZdY62m,0.0
5111,ID_ZiWpYB,0.0
5112,ID_ZniLnf,0.0
5113,ID_ZpXoac,0.0
5116,ID_Zr92wA,0.0
5120,ID_ZsfKGj,0.0
5121,ID_ZvFhvy,0.0
5123,ID_ZyCxS7,0.0
5124,ID_a3p7zM,0.0
5126,ID_a6juih,0.0
5127,ID_a7LoyZ,0.0
5130,ID_aDcwZu,0.0
5132,ID_aEJBjY,0.0
5135,ID_aKJx4x,0.0
5149,ID_aaQZ2G,0.0
5151,ID_ab4M45,0.0
5155,ID_aihSYt,0.0
5159,ID_ak9AvD,0.0
5168,ID_atDGjg,0.0
5169,ID_auVfzp,0.0
5170,ID_autC4G,0.0
5173,ID_axAQxv,0.0
5175,ID_b8ECK3,0.0
5179,ID_bEHmhY,0.0
5185,ID_bNZNGT,0.0
5188,ID_bQLYE3,0.0
5189,ID_bS8Z9Y,0.0
5197,ID_bdV6EE,0.0
5198,ID_beypaa,0.0
5201,ID_bfe6Dr,0.0
5207,ID_bpLcSj,0.0
5208,ID_brGz6u,0.0
5210,ID_bsJiJs,0.0
5211,ID_buP8Cb,0.0
5213,ID_bvyJxd,0.0
5220,ID_c2iJYC,0.0
5228,ID_cBcKQP,0.0
5231,ID_cGcZEp,0.0
5232,ID_cHrvit,0.0
5233,ID_cJPod9,0.0
5234,ID_cMKuhS,0.0
5236,ID_cPz3Fj,0.0
5237,ID_cR6AKY,0.0
5244,ID_cYndfk,0.0
5248,ID_cfvDYG,0.0
5253,ID_cnDykE,0.0
5254,ID_cqqTNt,0.0
5258,ID_ctUnHr,0.0
5259,ID_cu5DAt,0.0
5265,ID_d7gTNN,0.0
5269,ID_dB89Bb,0.0
5270,ID_dGiqW8,0.0
5286,ID_djBfqe,0.0
5289,ID_dnS3c7,0.0
5300,ID_e3aFhr,0.0
5301,ID_e3cmvX,0.0
5302,ID_e4igvE,0.0
5304,ID_e5FazT,0.0
5308,ID_eET3qP,0.0
5309,ID_eFvp9o,0.0
5324,ID_eX76Pj,0.0
5326,ID_eYicxq,0.0
5329,ID_edW2wE,0.0
5330,ID_eeqdji,0.0
5332,ID_ej9TAi,0.0
5335,ID_eounTA,0.0
5337,ID_esiuST,0.0
5343,ID_exWAEL,0.0
5348,ID_fAk7xw,0.0
5350,ID_fCmp2z,0.0
5351,ID_fDhftW,0.0
5354,ID_fFywwp,0.0
5359,ID_fLTRDk,0.0
5360,ID_fLgQtJ,0.0
5368,ID_fVJt22,0.0
5370,ID_fXhDDz,0.0
5373,ID_fZ48uD,0.0
5377,ID_fkMwhq,0.0
5381,ID_fqdJp3,0.0
5388,ID_g4LWUR,0.0
5389,ID_g4PwTC,0.0
5394,ID_gD3Taa,0.0
5395,ID_gEXnED,0.0
5398,ID_gGW6J9,0.0
5400,ID_gJtLpW,0.0
5404,ID_gPo8b5,0.0
5406,ID_gSrXuo,0.0
5409,ID_gVMZV2,0.0
5410,ID_gVwz99,0.0
5415,ID_geRHhE,0.0
5424,ID_guGidj,0.0
5425,ID_gvX7s6,0.0
5426,ID_gwnBjb,0.0
5428,ID_h36biA,0.0
5429,ID_h3CSNt,0.0
5434,ID_h9WCxa,0.0
5436,ID_hBZxUA,0.0
5439,ID_hEyx33,0.0
5441,ID_hGRQBE,0.0
5448,ID_hQzYWF,0.0
5449,ID_hTQusa,0.0
5450,ID_hTVu6V,0.0
5452,ID_hVkvSY,0.0
5454,ID_hWz32G,0.0
5458,ID_hcCthZ,0.0
5459,ID_hfXkhm,0.0
5464,ID_hnrdUs,0.0
5471,ID_i76uwE,0.0
5479,ID_iGcSX9,0.0
5483,ID_iMLBHS,0.0
5484,ID_iN3mgr,0.0
5486,ID_iNC3UH,0.0
5488,ID_iQnKXN,0.0
5494,ID_iZj43w,0.0
5495,ID_iaJTkX,0.0
5496,ID_ian8Uc,0.0
5502,ID_imJ5of,0.0
5506,ID_iriFvE,0.0
5511,ID_iyfEzL,0.0
5512,ID_iz59cb,0.0
5518,ID_j4eRXJ,0.0
5520,ID_j7TsQL,0.0
5521,ID_j8yiNY,0.0
5523,ID_jBaAFP,0.0
5524,ID_jD3bE5,0.0
5530,ID_jJssNE,0.0
5535,ID_jQCuoz,0.0
5542,ID_jgVBuY,0.0
5546,ID_jicMbx,0.0
5549,ID_jmCZnC,0.0
5550,ID_jnwjMF,0.0
5553,ID_jqPHLy,0.0
5554,ID_jqnTDb,0.0
5555,ID_jquQLY,0.0
5561,ID_jui2bv,0.0
5566,ID_k4GoSL,0.0
5575,ID_kFm95B,0.0
5576,ID_kJoZMZ,0.0
5577,ID_kKM43w,0.0
5579,ID_kMfAhM,0.0
5588,ID_kZCRJH,0.0
5590,ID_kax3mQ,0.0
5591,ID_kcajxn,0.0
5592,ID_kcjZhV,0.0
5594,ID_khsZHV,0.0
5597,ID_kku7wb,0.0
5599,ID_knG6P3,0.0
5600,ID_knKXz8,0.0
5602,ID_kqrEMQ,0.0
5603,ID_kvKz3y,0.0
5605,ID_kx2fcq,0.0
5608,ID_m5sPS5,0.0
5610,ID_m8WKCg,0.0
5611,ID_m9CEKa,0.0
5613,ID_mBXwfy,0.0
5615,ID_mE26kj,0.0
5617,ID_mHh5dJ,0.0
5619,ID_mJpMVn,0.0
5621,ID_mPKKnv,0.0
5624,ID_mUhH3W,0.0
5625,ID_mW3ntj,0.0
5641,ID_mrBkXo,0.0
5642,ID_mrVEk7,0.0
5643,ID_mryYTR,0.0
5646,ID_mu89YF,0.0
5648,ID_mvqwKA,0.0
5651,ID_mws7oc,0.0
5654,ID_n4J4Cm,0.0
5662,ID_nDB7W4,0.0
5668,ID_nKUNWd,0.0
5672,ID_nMz5UH,0.0
5673,ID_nP2UDK,0.0
5687,ID_nn8XaX,0.0
5688,ID_nnCAyd,0.0
5689,ID_nnCeGa,0.0
5691,ID_nond9s,0.0
5693,ID_npSfcp,0.0
5695,ID_nqRUQc,0.0
5697,ID_ns8ZYs,0.0
5702,ID_nvu6Qo,0.0
5709,ID_o6xEZ4,0.0
5710,ID_o7fhGp,0.0
5713,ID_oAkikG,0.0
5715,ID_oGkw4D,0.0
5716,ID_oH5aDX,0.0
5719,ID_oJZmQz,0.0
5724,ID_oM8nWz,0.0
5730,ID_oRFV5n,0.0
5732,ID_oSmzaR,0.0
5733,ID_oTgXJB,0.0
5734,ID_oU4L3J,0.0
5735,ID_oXXxjd,0.0
5739,ID_obwrbA,0.0
5745,ID_oowaDb,0.0
5746,ID_opXAnF,0.0
5754,ID_ox7MkE,0.0
5757,ID_oysAcL,0.0
5758,ID_p2jpw4,0.0
5760,ID_p7NgwG,0.0
5762,ID_pBWqKn,0.0
5767,ID_pK5oXh,0.0
5769,ID_pPLiqf,0.0
5772,ID_pT76u4,0.0
5776,ID_pYA5Gs,0.0
5779,ID_pamMRC,0.0
5781,ID_pf2iwb,0.0
5783,ID_phA3pG,0.0
5785,ID_pjwhne,0.0
5792,ID_ptNYDT,0.0
5794,ID_ptrkXg,0.0
5795,ID_pxbGKc,0.0
5798,ID_pzpv9u,0.0
5800,ID_q4P84i,0.0
5804,ID_q9Drch,0.0
5810,ID_qGcLmA,0.0
5814,ID_qLQ5fY,0.0
5823,ID_qTVNgx,0.0
5825,ID_qVZvxk,0.0
5829,ID_qa56Wv,0.0
5832,ID_qcDZYa,0.0
5834,ID_qdvJBy,0.0
5839,ID_qk9Stw,0.0
5840,ID_qkf98m,0.0
5846,ID_qs8Hqf,0.0
5848,ID_qupN7K,0.0
5850,ID_qxLk59,0.0
5852,ID_qxyxPr,0.0
5856,ID_r9EVdC,0.0
5858,ID_rEPeZu,0.0
5862,ID_rJpPoi,0.0
5863,ID_rN65X6,0.0
5872,ID_rWma8h,0.0
5873,ID_ran5BL,0.0
5877,ID_reF9Ec,0.0
5879,ID_ri8Nhf,0.0
5880,ID_rkmujv,0.0
5885,ID_rpiVPj,0.0
5894,ID_s2jw6C,0.0
5895,ID_s3VKMw,0.0
5903,ID_sD2fUg,0.0
5906,ID_sKGk3L,0.0
5908,ID_sMFYw6,0.0
5911,ID_sTnHxU,0.0
5916,ID_sYvnF5,0.0
5923,ID_seeYwC,0.0
5927,ID_soMbxx,0.0
5930,ID_spQS9a,0.0
5932,ID_suY54P,0.0
5938,ID_t2N7qz,0.0
5947,ID_tCAA2m,0.0
5948,ID_tHW2nL,0.0
5950,ID_tMfpS4,0.0
5954,ID_tQHy8h,0.0
5958,ID_tWjJ6A,0.0
5962,ID_tYRsEU,0.0
5966,ID_ti2ufy,0.0
5968,ID_tjSN2U,0.0
5969,ID_tmWZNS,0.0
5974,ID_ttMTvt,0.0
5978,ID_twBhPe,0.0
5979,ID_twKoZt,0.0
5984,ID_u8rwBx,0.0
5988,ID_uKsVMc,0.0
5991,ID_uPU9KH,0.0
5998,ID_udxYv6,0.0
6001,ID_uhc8UG,0.0
6002,ID_uhxvRR,0.0
6005,ID_unF2ue,0.0
6007,ID_upmzjN,0.0
6010,ID_usnn2D,0.0
6012,ID_utyJKn,0.0
6017,ID_v7tYsa,0.0
6029,ID_vPGphU,0.0
6030,ID_vPiStf,0.0
6033,ID_vTt22H,0.0
6034,ID_vW3Quj,0.0
6038,ID_vaK3UQ,0.0
6039,ID_vaSkZJ,0.0
6048,ID_vsrLeD,0.0
6050,ID_vukzhs,0.0
6065,ID_wGU3ME,0.0
6066,ID_wNrcCU,0.0
6067,ID_wSy8ma,0.0
6072,ID_wWDmAq,0.0
6078,ID_wbQ2d8,0.0
6081,ID_weBJS3,0.0
6086,ID_wjbCnb,0.0
6091,ID_wpbVLx,0.0
6095,ID_wuf7XG,0.0
6096,ID_wuf97j,0.0
6100,ID_wzYsYW,0.0
6108,ID_xELQK7,0.0
6109,ID_xGjVgJ,0.0
6113,ID_xNpJVF,0.0
6114,ID_xSTLRK,0.0
6115,ID_xSuvTh,0.0
6119,ID_xbn7iv,0.0
6123,ID_xgCp2r,0.0
6124,ID_xhMU6n,0.0
6128,ID_xma52C,0.0
6130,ID_xqYmrY,0.0
6131,ID_xrgyAN,0.0
6134,ID_xy58Qv,0.0
6140,ID_y7o2TK,0.0
6143,ID_yBTZB2,0.0
6146,ID_yFPaxw,0.0
6147,ID_yGMhuk,0.0
6156,ID_yQD43B,0.0
6164,ID_yd7kad,0.0
6166,ID_yhPqWG,0.0
6172,ID_yofrKb,0.0
6173,ID_yqFeKV,0.0
6175,ID_ywMYKc,0.0
6176,ID_yx6yYg,0.0
6183,ID_z75Mid,0.0
6187,ID_zD4nD9,0.0
6192,ID_zJDBRN,0.0
6199,ID_zWGXDX,0.0
6200,ID_zYeKnc,0.0
6209,ID_zh3st5,0.0
6211,ID_zkcPg2,0.0
6219,ID_zvrMSX,0.0
6220,ID_zy9Cfv,0.0
